{
  "idle_power_watts": 31.553248368950225,
  "idle_energy_kwh": 0.00026296812516902264,
  "measurement_duration_s": 30.002782583236694,
  "timestamp": "2025-11-07T12:04:23.315788",
  "gpu_name": "NVIDIA L4",
  "gpu_temp_celsius": 42,
  "gpu_power_limit_w": 221.610107421875
}